<?xml version="1.0" encoding="UTF-8"?>
<project-private xmlns="http://www.netbeans.org/ns/project-private/1">
    <editor-bookmarks xmlns="http://www.netbeans.org/ns/editor-bookmarks/2" lastBookmarkId="0"/>
    <open-files xmlns="http://www.netbeans.org/ns/projectui-open-files/2">
        <group>
            <file>file:/C:/Users/PC/Documents/NetBeansProjects/ProjectW/src/model/card/HeroCard.java</file>
            <file>file:/C:/Users/PC/Documents/NetBeansProjects/ProjectW/src/controller/Gameplay.java</file>
            <file>file:/C:/Users/PC/Documents/NetBeansProjects/ProjectW/src/model/Board.java</file>
            <file>file:/C:/Users/PC/Documents/NetBeansProjects/ProjectW/src/controller/Main.java</file>
            <file>file:/C:/Users/PC/Documents/NetBeansProjects/ProjectW/src/controller/Command.java</file>
            <file>file:/C:/Users/PC/Documents/NetBeansProjects/ProjectW/src/model/OnBoard.java</file>
            <file>file:/C:/Users/PC/Documents/NetBeansProjects/ProjectW/src/model/Player.java</file>
            <file>file:/C:/Users/PC/Documents/NetBeansProjects/ProjectW/src/model/functional/effects/Effects.java</file>
        </group>
    </open-files>
</project-private>
